{"count":1,"self":292.437632,"total":3324.3822569,"children":{"InitializeActuators":{"count":16,"self":0.0019949,"total":0.0019949,"children":null},"InitializeSensors":{"count":16,"self":0.0060811,"total":0.0060811,"children":null},"AgentSendState":{"count":203084,"self":20.2278464,"total":91.5853497,"children":{"CollectObservations":{"count":3249344,"self":13.519347199999999,"total":13.519347499999999,"children":null},"WriteActionMask":{"count":3249344,"self":4.3672439999999995,"total":4.3672442,"children":null},"RequestDecision":{"count":3249344,"self":16.860352,"total":53.470911,"children":{"AgentInfo.ToProto":{"count":3249344,"self":15.4870688,"total":36.610559599999995,"children":{"GenerateSensorData":{"count":3249344,"self":21.1234912,"total":21.123490399999998,"children":null}}}}}}},"DecideAction":{"count":203084,"self":2921.8111488,"total":2921.8111593999997,"children":null},"AgentAct":{"count":203084,"self":17.7771552,"total":17.777155999999998,"children":null},"AgentInfo.ToProto":{"count":30523,"self":0.3315666,"total":0.7609319,"children":{"GenerateSensorData":{"count":30523,"self":0.4293653,"total":0.4293653,"children":null}}}},"gauges":{"GuitarSearch.CumulativeReward":{"count":30523,"max":0.450000226,"min":-6.68003654,"runningAverage":-0.401131779,"value":0.140000522,"weightedAverage":0.149597853}},"metadata":{"timer_format_version":"0.1.0","start_time_seconds":"1667475513","unity_version":"2021.3.12f1","command_line_arguments":"C:\\Program Files\\Unity\\Hub\\Editor\\2021.3.12f1\\Editor\\Unity.exe -projectpath C:\\Users\\Brigitta\\Guitar Searcher -useHub -hubIPC -cloudEnvironment production -licensingIpc LicenseClient-Brigitta -hubSessionId 3d487260-5905-11ed-a96e-e754850590c5 -accessToken C8oXC7um3aUwGxzgmFHP4wLEJAssp6S-yxq0CHYRwic007f","communication_protocol_version":"1.5.0","com.unity.ml-agents_version":"2.0.1","scene_name":"SampleScene","end_time_seconds":"1667478838"}}