{
    "name": "root",
    "gauges": {
        "GuitarSearch.Policy.Entropy.mean": {
            "value": 0.7887491583824158,
            "min": 0.7887491583824158,
            "max": 1.4200036525726318,
            "count": 64
        },
        "GuitarSearch.Policy.Entropy.sum": {
            "value": 39399.59765625,
            "min": 39399.59765625,
            "max": 71527.5546875,
            "count": 64
        },
        "GuitarSearch.Step.mean": {
            "value": 3199993.0,
            "min": 49971.0,
            "max": 3199993.0,
            "count": 64
        },
        "GuitarSearch.Step.sum": {
            "value": 3199993.0,
            "min": 49971.0,
            "max": 3199993.0,
            "count": 64
        },
        "GuitarSearch.Policy.ExtrinsicValueEstimate.mean": {
            "value": 0.48294156789779663,
            "min": -0.8991477489471436,
            "max": 0.5018824338912964,
            "count": 64
        },
        "GuitarSearch.Policy.ExtrinsicValueEstimate.sum": {
            "value": 569.8710327148438,
            "min": -827.2159423828125,
            "max": 589.2099609375,
            "count": 64
        },
        "GuitarSearch.Environment.EpisodeLength.mean": {
            "value": 83.834179357022,
            "min": 83.82453151618398,
            "max": 190.79847908745248,
            "count": 64
        },
        "GuitarSearch.Environment.EpisodeLength.sum": {
            "value": 49546.0,
            "min": 48108.0,
            "max": 50616.0,
            "count": 64
        },
        "GuitarSearch.Environment.CumulativeReward.mean": {
            "value": 0.12449161380024279,
            "min": -2.6452649161219597,
            "max": 0.14180896316778946,
            "count": 64
        },
        "GuitarSearch.Environment.CumulativeReward.sum": {
            "value": 73.45005214214325,
            "min": -744.8099386692047,
            "max": 83.25005334615707,
            "count": 64
        },
        "GuitarSearch.Policy.ExtrinsicReward.mean": {
            "value": 0.12449161380024279,
            "min": -2.6452649161219597,
            "max": 0.14180896316778946,
            "count": 64
        },
        "GuitarSearch.Policy.ExtrinsicReward.sum": {
            "value": 73.45005214214325,
            "min": -744.8099386692047,
            "max": 83.25005334615707,
            "count": 64
        },
        "GuitarSearch.Losses.PolicyLoss.mean": {
            "value": 0.0266809786328425,
            "min": 0.020023362576030195,
            "max": 0.027118022781796758,
            "count": 64
        },
        "GuitarSearch.Losses.PolicyLoss.sum": {
            "value": 0.1334048931642125,
            "min": 0.08871077390310045,
            "max": 0.1355901139089838,
            "count": 64
        },
        "GuitarSearch.Losses.ValueLoss.mean": {
            "value": 0.0024148680184346936,
            "min": 0.00015098432918118004,
            "max": 0.06461484369356185,
            "count": 64
        },
        "GuitarSearch.Losses.ValueLoss.sum": {
            "value": 0.012074340092173468,
            "min": 0.0007549216459059001,
            "max": 0.2584593747742474,
            "count": 64
        },
        "GuitarSearch.Policy.LearningRate.mean": {
            "value": 0.00010941111952964795,
            "min": 0.00010941111952964795,
            "max": 0.000298457985514005,
            "count": 64
        },
        "GuitarSearch.Policy.LearningRate.sum": {
            "value": 0.0005470555976482398,
            "min": 0.0004980584339805999,
            "max": 0.0014783787072071002,
            "count": 64
        },
        "GuitarSearch.Policy.Epsilon.mean": {
            "value": 0.136470352,
            "min": 0.136470352,
            "max": 0.19948599499999997,
            "count": 64
        },
        "GuitarSearch.Policy.Epsilon.sum": {
            "value": 0.68235176,
            "min": 0.5660194000000001,
            "max": 0.9927928999999999,
            "count": 64
        },
        "GuitarSearch.Policy.Beta.mean": {
            "value": 0.0018298705648000003,
            "min": 0.0018298705648000003,
            "max": 0.0049743511505,
            "count": 64
        },
        "GuitarSearch.Policy.Beta.sum": {
            "value": 0.009149352824000001,
            "min": 0.008324368060000002,
            "max": 0.024640365710000004,
            "count": 64
        },
        "GuitarSearch.IsTraining.mean": {
            "value": 1.0,
            "min": 1.0,
            "max": 1.0,
            "count": 64
        },
        "GuitarSearch.IsTraining.sum": {
            "value": 1.0,
            "min": 1.0,
            "max": 1.0,
            "count": 64
        }
    },
    "metadata": {
        "timer_format_version": "0.1.0",
        "start_time_seconds": "1667475462",
        "python_version": "3.7.13 (default, Oct 19 2022, 10:19:43) [MSC v.1916 64 bit (AMD64)]",
        "command_line_arguments": "C:\\Users\\Brigitta\\anaconda3\\envs\\unity\\Scripts\\mlagents-learn .\\GuitarSearch.yaml --run-id=Run 2",
        "mlagents_version": "0.28.0",
        "mlagents_envs_version": "0.28.0",
        "communication_protocol_version": "1.5.0",
        "pytorch_version": "1.7.1+cu110",
        "numpy_version": "1.21.6",
        "end_time_seconds": "1667478838"
    },
    "total": 3375.8128112,
    "count": 1,
    "self": 0.020198100000015984,
    "children": {
        "run_training.setup": {
            "total": 0.3184010999999991,
            "count": 1,
            "self": 0.3184010999999991
        },
        "TrainerController.start_learning": {
            "total": 3375.474212,
            "count": 1,
            "self": 7.586717000015597,
            "children": {
                "TrainerController._reset_env": {
                    "total": 51.9323492,
                    "count": 1,
                    "self": 51.9323492
                },
                "TrainerController.advance": {
                    "total": 3315.8452914999843,
                    "count": 203077,
                    "self": 8.295768599959047,
                    "children": {
                        "env_step": {
                            "total": 1890.7014976001124,
                            "count": 203077,
                            "self": 1591.0994560001755,
                            "children": {
                                "SubprocessEnvManager._take_step": {
                                    "total": 294.5872949999443,
                                    "count": 203077,
                                    "self": 22.18446069986976,
                                    "children": {
                                        "TorchPolicy.evaluate": {
                                            "total": 272.4028343000745,
                                            "count": 203077,
                                            "self": 46.328327400063415,
                                            "children": {
                                                "TorchPolicy.sample_actions": {
                                                    "total": 226.0745069000111,
                                                    "count": 203077,
                                                    "self": 226.0745069000111
                                                }
                                            }
                                        }
                                    }
                                },
                                "workers": {
                                    "total": 5.014746599992698,
                                    "count": 203076,
                                    "self": 0.0,
                                    "children": {
                                        "worker_root": {
                                            "total": 3314.075436400037,
                                            "count": 203076,